packing_idx,sigma_idx,density_idx,packing_cells_per_mm2,sigma_um,mean_tx_per_cell,field_seed,transcript_seed,model,n_cells,n_interior_cells,grid,dx_um,r_mean_um,L_um,n_interior_transcripts,oracle_acc,naive_acc,oracle_minus_naive,oracle_ge_naive,assign_ari_vs_truecells_oracle,assign_ari_vs_truecells_naive,same_type_error_frac_oracle,same_type_error_frac_naive,profile_ari_vs_truetype,profile_ari_vs_trueclust,perfect_ari_vs_truetype,naive_profile_ari_vs_truetype,n_cells_clustered,realized_median_tx_per_cell,realized_packing_cells_per_mm2
0,0,0,2000.0,0.5,50.0,20361635,20362644,realistic_merfish_cellclass_native,400,345,213,2.099594345070225,12.6156626101008,447.21359549995793,17260,0.955909617612978,0.9390498261877173,0.01685979142526073,True,0.9161219475058008,0.8857167804445203,0.25229960578186594,0.2300380228136882,0.8590351940931451,0.9710073030162613,0.8677853896805487,0.8673661264083791,345,50.0,2000.0000000000002
0,0,1,2000.0,0.5,90.0,20361635,20363653,realistic_merfish_cellclass_native,400,345,213,2.099594345070225,12.6156626101008,447.21359549995793,30888,0.95496632996633,0.9378399378399378,0.01712639212639222,True,0.9148377626620179,0.8835830311779492,0.21495327102803738,0.22864583333333333,0.9907621471501411,0.9907228477873987,0.9815743297286468,0.9815743297286468,345,89.0,2000.0000000000002
0,0,2,2000.0,0.5,160.0,20361635,20364662,realistic_merfish_cellclass_native,400,345,213,2.099594345070225,12.6156626101008,447.21359549995793,55035,0.9553011719814664,0.9383664940492414,0.016934677932224917,True,0.9150894144077385,0.8842891536254702,0.24390243902439024,0.2429245283018868,0.7020749670476255,0.7020749670476255,1.0,1.0,345,160.0,2000.0000000000002
0,0,3,2000.0,0.5,280.0,20361635,20365671,realistic_merfish_cellclass_native,400,345,213,2.099594345070225,12.6156626101008,447.21359549995793,96002,0.9553967625674465,0.9407616507989417,0.01463511176850485,True,0.9152493172003078,0.8885041452332854,0.23750583839327416,0.2463513275892386,1.0,1.0,1.0,1.0,345,278.0,2000.0000000000002
0,0,4,2000.0,0.5,500.0,20361635,20366680,realistic_merfish_cellclass_native,400,345,213,2.099594345070225,12.6156626101008,447.21359549995793,172509,0.9556602843909593,0.9396843063260467,0.015975978064912577,True,0.9157236728259647,0.8864684034355133,0.24133873708981565,0.24565112926477656,1.0,1.0,1.0,1.0,345,499.0,2000.0000000000002
0,1,0,2000.0,1.0,50.0,20361652,20362661,realistic_merfish_cellclass_native,400,341,213,2.099594345070225,12.6156626101008,447.21359549995793,17192,0.9314215914378781,0.9127501163331783,0.018671475104699797,True,0.8724495244869032,0.8389414015679335,0.3282442748091603,0.24666666666666667,0.890878041581489,0.664735486917032,0.6651931876504784,0.7320134159092839,341,50.0,2000.0000000000002
0,1,1,2000.0,1.0,90.0,20361652,20363670,realistic_merfish_cellclass_native,400,341,213,2.099594345070225,12.6156626101008,447.21359549995793,30659,0.9321895691314133,0.9121628233145243,0.020026745816889013,True,0.8737851272904426,0.8379782841805977,0.2996632996632997,0.23134051243965836,0.9796861990051199,0.9696358036919944,0.9697283668239602,0.9696396594672799,341,89.0,2000.0000000000002
0,1,2,2000.0,1.0,160.0,20361652,20364679,realistic_merfish_cellclass_native,400,341,213,2.099594345070225,12.6156626101008,447.21359549995793,54844,0.9337575669170739,0.9155422653344031,0.018215301582670818,True,0.8768108153682829,0.8441900960268445,0.30498210845031654,0.23531951640759932,1.0,1.0,1.0,1.0,341,161.0,2000.0000000000002
0,1,3,2000.0,1.0,280.0,20361652,20365688,realistic_merfish_cellclass_native,400,341,213,2.099594345070225,12.6156626101008,447.21359549995793,95658,0.934056743816513,0.9152083464007192,0.018848397415793805,True,0.877276742870524,0.8432139335793231,0.29613189600507295,0.22512637159413143,1.0,1.0,1.0,1.0,341,280.0,2000.0000000000002
0,1,4,2000.0,1.0,500.0,20361652,20366697,realistic_merfish_cellclass_native,400,341,213,2.099594345070225,12.6156626101008,447.21359549995793,170245,0.9333431231460542,0.9130253458251344,0.020317777320919772,True,0.8760878135640425,0.8397628764166616,0.2967042650687346,0.23698250827311407,1.0,1.0,1.0,1.0,341,499.0,2000.0000000000002
0,2,0,2000.0,2.0,50.0,20361669,20362678,realistic_merfish_cellclass_native,400,335,213,2.099594345070225,12.6156626101008,447.21359549995793,16769,0.8884847039179439,0.8488878287315881,0.039596875186355796,True,0.79616987587935,0.7310296463894169,0.3331550802139037,0.23796369376479873,0.8371976036862607,0.6260762335353135,0.7614683237120631,0.7194388368290602,335,50.0,2000.0000000000002
0,2,1,2000.0,2.0,90.0,20361669,20363687,realistic_merfish_cellclass_native,400,335,213,2.099594345070225,12.6156626101008,447.21359549995793,30227,0.8878816951731895,0.8486783339398551,0.039203361233334344,True,0.7958383116307627,0.7308385858132048,0.3514311006196518,0.25426322693484915,0.9601098164105746,0.9728557726767157,0.9532188395485045,0.859805022696839,335,90.0,2000.0000000000002
0,2,2,2000.0,2.0,160.0,20361669,20364696,realistic_merfish_cellclass_native,400,335,213,2.099594345070225,12.6156626101008,447.21359549995793,53537,0.8867138614416198,0.8497487718773932,0.036965089564226616,True,0.7933999803341667,0.7326780850950685,0.3434460016488046,0.2514917951268026,1.0,1.0,1.0,1.0,335,160.0,2000.0000000000002
0,2,3,2000.0,2.0,280.0,20361669,20365705,realistic_merfish_cellclass_native,400,335,213,2.099594345070225,12.6156626101008,447.21359549995793,94580,0.8873757665468387,0.8511736096426306,0.03620215690420814,True,0.7955829111521253,0.7356906755818247,0.3386218550506947,0.2463057686842853,1.0,1.0,1.0,1.0,335,282.0,2000.0000000000002
0,2,4,2000.0,2.0,500.0,20361669,20366714,realistic_merfish_cellclass_native,400,335,213,2.099594345070225,12.6156626101008,447.21359549995793,168046,0.8872332575604299,0.8506599383502136,0.03657331921021634,True,0.7952422724699498,0.7342259506072893,0.3386807387862797,0.24597545425565828,1.0,1.0,1.0,1.0,335,502.0,2000.0000000000002
0,3,0,2000.0,4.0,50.0,20361686,20362695,realistic_merfish_cellclass_native,400,315,213,2.099594345070225,12.6156626101008,447.21359549995793,15860,0.7925598991172762,0.7271752837326608,0.06538461538461537,True,0.6493619924817304,0.5549427631541594,0.3832826747720365,0.27709729604807026,0.734524883760847,0.7706172728523852,0.7016321083805167,0.623810254714125,315,50.0,2000.0000000000002
0,3,1,2000.0,4.0,90.0,20361686,20363704,realistic_merfish_cellclass_native,400,315,213,2.099594345070225,12.6156626101008,447.21359549995793,28436,0.7892108594739063,0.718666479110986,0.07054438036292032,True,0.6433169104570323,0.5427859768227031,0.3730397063730397,0.269875,0.9883301593589188,0.728664991117487,0.7332029870788258,0.6615195940877353,315,90.0,2000.0000000000002
0,3,2,2000.0,4.0,160.0,20361686,20364713,realistic_merfish_cellclass_native,400,315,213,2.099594345070225,12.6156626101008,447.21359549995793,50837,0.7856482483230718,0.7187088144461711,0.06693943387690071,True,0.6373131746260122,0.5439035277331354,0.37166192530054143,0.27174825174825173,1.0,1.0,1.0,0.9579103978633946,315,161.0,2000.0000000000002
0,3,3,2000.0,4.0,280.0,20361686,20365722,realistic_merfish_cellclass_native,400,315,213,2.099594345070225,12.6156626101008,447.21359549995793,87947,0.7858028130578644,0.7189216232503667,0.06688118980749769,True,0.6373604395793585,0.5438374868282924,0.36553774286017626,0.2665453074433657,1.0,1.0,1.0,0.9893355332541867,315,278.0,2000.0000000000002
0,3,4,2000.0,4.0,500.0,20361686,20366731,realistic_merfish_cellclass_native,400,315,213,2.099594345070225,12.6156626101008,447.21359549995793,157887,0.7859988472768499,0.7209966621697796,0.06500218510707023,True,0.6377653011819723,0.5463156428795124,0.367260565881378,0.269029079930081,1.0,1.0,1.0,1.0,315,502.0,2000.0000000000002
0,4,0,2000.0,8.0,50.0,20361703,20362712,realistic_merfish_cellclass_native,400,273,213,2.099594345070225,12.6156626101008,447.21359549995793,13709,0.6036180611277263,0.47902837551973154,0.12458968560799477,True,0.4097117922870124,0.29187932955915014,0.35572322414427676,0.2356482777933352,0.9837527075600642,0.9336685289123388,0.9495531508502124,0.34771424584496524,273,50.0,2000.0000000000002
0,4,1,2000.0,8.0,90.0,20361703,20363721,realistic_merfish_cellclass_native,400,273,213,2.099594345070225,12.6156626101008,447.21359549995793,24623,0.6112171546927669,0.49063883361085164,0.1205783210819153,True,0.416594008428695,0.2996380109149976,0.3500470072077719,0.22548237920586828,1.0,0.9872168579989058,0.9872168579989058,0.6074226217565273,273,90.0,2000.0000000000002
0,4,2,2000.0,8.0,160.0,20361703,20364730,realistic_merfish_cellclass_native,400,273,213,2.099594345070225,12.6156626101008,447.21359549995793,43546,0.6113535112295044,0.4870481789372158,0.12430533229228863,True,0.4168565279806228,0.2974638867682991,0.35423067832663674,0.23221560639298025,1.0,1.0,1.0,0.5522909572777767,273,160.0,2000.0000000000002
0,4,3,2000.0,8.0,280.0,20361703,20365739,realistic_merfish_cellclass_native,400,273,213,2.099594345070225,12.6156626101008,447.21359549995793,76567,0.6101976047122128,0.4849870048454295,0.12521059986678335,True,0.4158735009798078,0.2968056773605351,0.35281109696441737,0.2295792863845003,1.0,1.0,1.0,0.6309233279998062,273,281.0,2000.0000000000002
0,4,4,2000.0,8.0,500.0,20361703,20366748,realistic_merfish_cellclass_native,400,273,213,2.099594345070225,12.6156626101008,447.21359549995793,136573,0.6124563420295374,0.4896136132324837,0.12284272879705366,True,0.4180786644880352,0.2998826476624623,0.3515341596130592,0.2296248475719102,1.0,1.0,1.0,0.8230619007557769,273,499.0,2000.0000000000002
1,0,0,3400.0,0.5,50.0,20362635,20363644,realistic_merfish_cellclass_native,400,352,213,1.6103153534507872,9.67577153305815,342.99717028501766,17548,0.9448370184636425,0.9326988830635969,0.012138135400045602,True,0.8955380043327424,0.8739350231289061,0.2830578512396694,0.26333615580016934,0.6673461985817377,0.6749622240823043,0.7048482352330113,0.666564556586979,352,50.0,3400.0000000000005
1,0,1,3400.0,0.5,90.0,20362635,20364653,realistic_merfish_cellclass_native,400,352,213,1.6103153534507872,9.67577153305815,342.99717028501766,31393,0.9440002548338802,0.9315452489408467,0.0124550058930335,True,0.8941575250166383,0.8717864014168498,0.2696245733788396,0.26384364820846906,0.7032942380525771,0.8027207904227734,0.6824676554905075,0.7222172306621366,352,88.5,3400.0000000000005
1,0,2,3400.0,0.5,160.0,20362635,20365662,realistic_merfish_cellclass_native,400,352,213,1.6103153534507872,9.67577153305815,342.99717028501766,56690,0.945704709825366,0.9326865408361263,0.013018168989239687,True,0.8967088442877349,0.8733160376834863,0.24593892137751786,0.24816561844863733,0.7165162780385534,0.8359846162710132,0.7151337994367142,0.7122588730630183,352,162.0,3400.0000000000005
1,0,3,3400.0,0.5,280.0,20362635,20366671,realistic_merfish_cellclass_native,400,352,213,1.6103153534507872,9.67577153305815,342.99717028501766,98882,0.9464513258226978,0.9349224327986894,0.011528893024008391,True,0.8985239687600917,0.8778083309127952,0.2651558073654391,0.2543900543900544,0.736294343078071,0.8819767580321772,0.730204261747055,0.733969026779183,352,281.5,3400.0000000000005
1,0,4,3400.0,0.5,500.0,20362635,20367680,realistic_merfish_cellclass_native,400,352,213,1.6103153534507872,9.67577153305815,342.99717028501766,175913,0.9451149147590002,0.9326826328923957,0.0124322818666045,True,0.8961810639686147,0.8737442085574162,0.262143966856551,0.2543489275460226,1.0,1.0,1.0,1.0,352,500.0,3400.0000000000005
1,1,0,3400.0,1.0,50.0,20362652,20363661,realistic_merfish_cellclass_native,400,348,213,1.6103153534507872,9.67577153305815,342.99717028501766,17378,0.9172516975486247,0.8943491771204972,0.02290252042812746,True,0.8471289005329846,0.80781552248301,0.38247566063977745,0.2908496732026144,0.690246247171826,0.7273862369809397,0.6868356846379948,0.6475184982782892,348,50.0,3400.0000000000005
1,1,1,3400.0,1.0,90.0,20362652,20364670,realistic_merfish_cellclass_native,400,348,213,1.6103153534507872,9.67577153305815,342.99717028501766,31361,0.9179554223398488,0.8923822582188068,0.025573164121042047,True,0.8475253502201052,0.8035807815471977,0.36027982899339295,0.2942222222222222,0.7062076813386085,0.6959105239595021,0.9806903913007505,0.9711178494299969,348,90.0,3400.0000000000005
1,1,2,3400.0,1.0,160.0,20362652,20365679,realistic_merfish_cellclass_native,400,348,213,1.6103153534507872,9.67577153305815,342.99717028501766,55677,0.9194999730588933,0.8921278086103777,0.027372164448515646,True,0.8508032645372542,0.8037574322243871,0.3639000446229362,0.2902097902097902,1.0,1.0,1.0,1.0,348,160.0,3400.0000000000005
1,1,3,3400.0,1.0,280.0,20362652,20366688,realistic_merfish_cellclass_native,400,348,213,1.6103153534507872,9.67577153305815,342.99717028501766,97676,0.9194786846308203,0.8936279126909373,0.025850771939882944,True,0.8510222262535725,0.8061357030717388,0.3632549268912905,0.283060635226179,1.0,1.0,1.0,1.0,348,280.0,3400.0000000000005
1,1,4,3400.0,1.0,500.0,20362652,20367697,realistic_merfish_cellclass_native,400,348,213,1.6103153534507872,9.67577153305815,342.99717028501766,173863,0.918872905678609,0.8936518983337456,0.025221007344863433,True,0.8494229247225473,0.806279622046836,0.37043601559730593,0.288967009194159,1.0,1.0,1.0,1.0,348,498.0,3400.0000000000005
1,2,0,3400.0,2.0,50.0,20362669,20363678,realistic_merfish_cellclass_native,400,330,213,1.6103153534507872,9.67577153305815,342.99717028501766,16380,0.8557997557997558,0.8103174603174603,0.04548229548229543,True,0.7433779437063829,0.6715913577049284,0.29974597798475866,0.21596395236562602,0.9892654741966239,0.9575740828464656,0.9679798599583102,0.8550970620978939,330,50.0,3400.0000000000005
1,2,1,3400.0,2.0,90.0,20362669,20364687,realistic_merfish_cellclass_native,400,330,213,1.6103153534507872,9.67577153305815,342.99717028501766,29455,0.8603972160923442,0.8105584790358173,0.04983873705652686,True,0.7518097621920937,0.6719883398425326,0.29401750972762647,0.20842293906810036,1.0,0.9892406076609749,0.9892406076609749,0.7768892342821835,330,89.0,3400.0000000000005
1,2,2,3400.0,2.0,160.0,20362669,20365696,realistic_merfish_cellclass_native,400,330,213,1.6103153534507872,9.67577153305815,342.99717028501766,53041,0.8597122980335966,0.8101091608378425,0.049603137195754154,True,0.74990476132532,0.6715384032069912,0.2984813869103615,0.21435663224781573,1.0,1.0,1.0,0.9892406076609749,330,160.0,3400.0000000000005
1,2,3,3400.0,2.0,280.0,20362669,20366705,realistic_merfish_cellclass_native,400,330,213,1.6103153534507872,9.67577153305815,342.99717028501766,92062,0.8583020138602246,0.8101822684712476,0.04811974538897701,True,0.7476732918118986,0.6718798317206303,0.2886929858183212,0.20909871244635192,1.0,1.0,1.0,1.0,330,280.0,3400.0000000000005
1,2,4,3400.0,2.0,500.0,20362669,20367714,realistic_merfish_cellclass_native,400,330,213,1.6103153534507872,9.67577153305815,342.99717028501766,164992,0.8584476823118696,0.8095422808378588,0.04890540147401079,True,0.7481589754199216,0.6710362139633007,0.30002140869192895,0.21544042769857433,1.0,1.0,1.0,1.0,330,499.5,3400.0000000000005
1,3,0,3400.0,4.0,50.0,20362686,20363695,realistic_merfish_cellclass_native,400,309,213,1.6103153534507872,9.67577153305815,342.99717028501766,15567,0.7220402132716645,0.6361534014260937,0.08588681184557079,True,0.5488147365846245,0.44266643455068994,0.37785994915645943,0.2756002824858757,0.7032830024371239,0.5856431736083256,0.596871658259163,0.45864282034602993,309,50.0,3400.0000000000005
1,3,1,3400.0,4.0,90.0,20362686,20364704,realistic_merfish_cellclass_native,400,309,213,1.6103153534507872,9.67577153305815,342.99717028501766,27973,0.7236978514996604,0.6409752261108926,0.08272262538876773,True,0.5511423459121937,0.44765721278369675,0.38232630353215163,0.27909987055660657,0.7378962132806391,0.7148902525257342,0.7341239277800254,0.5938949007379895,309,90.0,3400.0000000000005
1,3,2,3400.0,4.0,160.0,20362686,20365713,realistic_merfish_cellclass_native,400,309,213,1.6103153534507872,9.67577153305815,342.99717028501766,49066,0.7241878286389761,0.6385480780988873,0.08563975054008888,True,0.5532009036275845,0.44602236063014233,0.380107884430651,0.2718353538201297,0.9888753265298758,0.9888753265298758,1.0,0.938235253926302,309,157.0,3400.0000000000005
1,3,3,3400.0,4.0,280.0,20362686,20366722,realistic_merfish_cellclass_native,400,309,213,1.6103153534507872,9.67577153305815,342.99717028501766,86735,0.7233757998501181,0.6385772756096155,0.0847985242405026,True,0.5510321726982227,0.4460079895442672,0.3747342975034385,0.27315937220875336,1.0,1.0,1.0,1.0,309,281.0,3400.0000000000005
1,3,4,3400.0,4.0,500.0,20362686,20367731,realistic_merfish_cellclass_native,400,309,213,1.6103153534507872,9.67577153305815,342.99717028501766,154450,0.7211783748786015,0.6373000971188086,0.08387827775979284,True,0.548182538587463,0.44452084167619155,0.3766487088983838,0.2727824488120102,1.0,1.0,1.0,1.0,309,500.0,3400.0000000000005
1,4,0,3400.0,8.0,50.0,20362703,20363712,realistic_merfish_cellclass_native,400,256,213,1.6103153534507872,9.67577153305815,342.99717028501766,13062,0.5195988363190935,0.37811973664063697,0.14147909967845657,True,0.322344960508507,0.2144969250102501,0.3711553784860558,0.23131847839468178,0.7802661355846818,0.7290008915233329,0.7977908372604338,0.2990013854818483,256,51.0,3400.0000000000005
1,4,1,3400.0,8.0,90.0,20362703,20364721,realistic_merfish_cellclass_native,400,256,213,1.6103153534507872,9.67577153305815,342.99717028501766,23182,0.5166508497972565,0.3773186092658097,0.13933224053144683,True,0.3192068534947743,0.21402917159628815,0.36251673360107095,0.22480083131278145,1.0,0.7905231514963579,0.7905231514963579,0.28345943628028863,256,90.0,3400.0000000000005
1,4,2,3400.0,8.0,160.0,20362703,20365730,realistic_merfish_cellclass_native,400,256,213,1.6103153534507872,9.67577153305815,342.99717028501766,40391,0.521551830853408,0.3832784531207447,0.13827337773266324,True,0.3227198117503641,0.21708757548612487,0.3644501940491591,0.22480931352870334,1.0,1.0,1.0,0.41311750062372427,256,157.0,3400.0000000000005
1,4,3,3400.0,8.0,280.0,20362703,20366739,realistic_merfish_cellclass_native,400,256,213,1.6103153534507872,9.67577153305815,342.99717028501766,71913,0.5187935421968212,0.382629010053815,0.13616453214300617,True,0.3220335911200963,0.2174085206925032,0.360670423349227,0.22656936279478343,1.0,1.0,1.0,0.49092370366026533,256,281.5,3400.0000000000005
1,4,4,3400.0,8.0,500.0,20362703,20367748,realistic_merfish_cellclass_native,400,256,213,1.6103153534507872,9.67577153305815,342.99717028501766,127754,0.5213848490066847,0.38057516790080936,0.14080968110587533,True,0.323731821944555,0.21589586540950864,0.36315316052007524,0.22359542042611266,1.0,1.0,1.0,0.5181663438772499,256,497.0,3400.0000000000005
2,0,0,5700.0,0.5,50.0,20363635,20364644,realistic_merfish_cellclass_native,400,344,213,1.2436923540516844,7.4728735892805505,264.9064714130088,17212,0.9417267023007204,0.9256332791075993,0.016093423193121126,True,0.8909354096859142,0.8612781220624884,0.22432701894317048,0.17890625,0.7919788196402112,0.8033540447194633,0.9538093629237516,0.8662714116096726,344,50.0,5699.999999999999
2,0,1,5700.0,0.5,90.0,20363635,20365653,realistic_merfish_cellclass_native,400,344,213,1.2436923540516844,7.4728735892805505,264.9064714130088,31258,0.9385437328044021,0.9229317294772538,0.015612003327148294,True,0.8843274247770384,0.8562404304433909,0.2602811035918792,0.21627231216272313,1.0,0.9702481192350824,0.9702481192350824,0.9800826986240078,344,91.0,5699.999999999999
2,0,2,5700.0,0.5,160.0,20363635,20366662,realistic_merfish_cellclass_native,400,344,213,1.2436923540516844,7.4728735892805505,264.9064714130088,54958,0.9381709669201936,0.923123112194767,0.01504785472542669,True,0.8840117475715364,0.8572059720478301,0.2327839905826957,0.19621301775147929,1.0,1.0,1.0,1.0,344,159.5,5699.999999999999
2,0,3,5700.0,0.5,280.0,20363635,20367671,realistic_merfish_cellclass_native,400,344,213,1.2436923540516844,7.4728735892805505,264.9064714130088,96407,0.9375356561245553,0.9209082328046718,0.016627423319883428,True,0.8827406763929387,0.8533117352216513,0.2286615742278313,0.19855737704918033,1.0,1.0,1.0,1.0,344,281.0,5699.999999999999
2,0,4,5700.0,0.5,500.0,20363635,20368680,realistic_merfish_cellclass_native,400,344,213,1.2436923540516844,7.4728735892805505,264.9064714130088,171591,0.939070230956169,0.9220879882977545,0.016982242658414526,True,0.8853859444876873,0.8548767722455325,0.23462458153993304,0.1978457625850849,1.0,1.0,1.0,1.0,344,498.0,5699.999999999999
2,1,0,5700.0,1.0,50.0,20363652,20364661,realistic_merfish_cellclass_native,400,330,213,1.2436923540516844,7.4728735892805505,264.9064714130088,16648,0.9048534358481499,0.8743392599711677,0.03051417587698224,True,0.8261558780526884,0.7735543747306136,0.3036616161616162,0.2237093690248566,0.9075078116583366,0.6983349158887279,0.6883603439405831,0.7216068636735331,330,50.0,5699.999999999999
2,1,1,5700.0,1.0,90.0,20363652,20365670,realistic_merfish_cellclass_native,400,330,213,1.2436923540516844,7.4728735892805505,264.9064714130088,29653,0.9036859676929822,0.8694904394159108,0.034195528277071396,True,0.8233651620766839,0.7655101125616971,0.31442577030812324,0.2289405684754522,1.0,1.0,1.0,0.7140960335592976,330,89.5,5699.999999999999
2,1,2,5700.0,1.0,160.0,20363652,20366679,realistic_merfish_cellclass_native,400,330,213,1.2436923540516844,7.4728735892805505,264.9064714130088,52583,0.902002548352129,0.8678850579084495,0.03411749044367951,True,0.8207391429104198,0.7631151628113287,0.3141859111197361,0.22614078019288902,1.0,1.0,1.0,1.0,330,159.0,5699.999999999999
2,1,3,5700.0,1.0,280.0,20363652,20367688,realistic_merfish_cellclass_native,400,330,213,1.2436923540516844,7.4728735892805505,264.9064714130088,91827,0.9019351606825879,0.8657475470177617,0.03618761366482626,True,0.8207341724985647,0.7594929910152036,0.3218212104386452,0.23515574302401038,1.0,1.0,1.0,0.9894057671081607,330,278.0,5699.999999999999
2,1,4,5700.0,1.0,500.0,20363652,20368697,realistic_merfish_cellclass_native,400,330,213,1.2436923540516844,7.4728735892805505,264.9064714130088,164875,0.901986353297953,0.8694101592115239,0.03257619408642909,True,0.8201233811105337,0.7652227125558639,0.31794554455445545,0.23510287492452742,1.0,1.0,1.0,1.0,330,498.0,5699.999999999999
2,2,0,5700.0,2.0,50.0,20363669,20364678,realistic_merfish_cellclass_native,400,323,213,1.2436923540516844,7.4728735892805505,264.9064714130088,16051,0.81546321101489,0.7556538533424709,0.05980935767241913,True,0.6806674069179515,0.5952484544741778,0.3359216745442269,0.2447730749617542,0.7294773976394272,0.84653890602566,0.7117684323267215,0.653545847441143,323,49.0,5699.999999999999
2,2,1,5700.0,2.0,90.0,20363669,20365687,realistic_merfish_cellclass_native,400,323,213,1.2436923540516844,7.4728735892805505,264.9064714130088,29130,0.8198077583247512,0.7585650532097494,0.06124270511500174,True,0.6877981902769286,0.5967246436125203,0.36254524671365973,0.26119721313806343,1.0,0.9784670837330386,0.9784670837330386,0.7150021870722818,323,90.0,5699.999999999999
2,2,2,5700.0,2.0,160.0,20363669,20366696,realistic_merfish_cellclass_native,400,323,213,1.2436923540516844,7.4728735892805505,264.9064714130088,51683,0.8153744945146373,0.7563028461970087,0.05907164831762857,True,0.6814375426900113,0.5942726091349082,0.3583106267029973,0.25891226677252877,1.0,1.0,1.0,0.9891973918014261,323,160.0,5699.999999999999
2,2,3,5700.0,2.0,280.0,20363669,20367705,realistic_merfish_cellclass_native,400,323,213,1.2436923540516844,7.4728735892805505,264.9064714130088,90446,0.8206001370983791,0.7612055812307896,0.05939455586758946,True,0.6895154836118556,0.601276349479857,0.35775915197830643,0.25604222613204924,1.0,1.0,1.0,1.0,323,280.0,5699.999999999999
2,2,4,5700.0,2.0,500.0,20363669,20368714,realistic_merfish_cellclass_native,400,323,213,1.2436923540516844,7.4728735892805505,264.9064714130088,162131,0.8186713213389173,0.7577267764955499,0.06094454484336742,True,0.6865236852901799,0.5963215183094293,0.36113473247389366,0.2588085539714868,1.0,1.0,1.0,1.0,323,502.0,5699.999999999999
2,3,0,5700.0,4.0,50.0,20363686,20364695,realistic_merfish_cellclass_native,400,289,213,1.2436923540516844,7.4728735892805505,264.9064714130088,14444,0.6581279423982276,0.5571171420659097,0.10101080033231791,True,0.469924656062091,0.35924162639192025,0.3892264074524099,0.27684852274503674,0.6824204188004723,0.6629506982078108,0.681172692222665,0.408101126623583,289,50.0,5699.999999999999
2,3,1,5700.0,4.0,90.0,20363686,20365704,realistic_merfish_cellclass_native,400,289,213,1.2436923540516844,7.4728735892805505,264.9064714130088,26088,0.6613385464581417,0.5579960134927936,0.10334253296534812,True,0.4762200335206937,0.35892711016157147,0.38788907753254104,0.2681467348885613,0.7105107879332228,0.696004135193744,0.6785190511858028,0.6342147502014418,289,90.0,5699.999999999999
2,3,2,5700.0,4.0,160.0,20363686,20366713,realistic_merfish_cellclass_native,400,289,213,1.2436923540516844,7.4728735892805505,264.9064714130088,46450,0.661270182992465,0.5571582346609257,0.10411194833153925,True,0.4750695275581342,0.35963310602484855,0.3859794076522181,0.26917841516771995,1.0,0.739348441712986,0.739348441712986,0.666913578984333,289,160.0,5699.999999999999
2,3,3,5700.0,4.0,280.0,20363686,20367722,realistic_merfish_cellclass_native,400,289,213,1.2436923540516844,7.4728735892805505,264.9064714130088,80808,0.657991782991783,0.5560588060588061,0.10193297693297687,True,0.470466031579105,0.3578920952927389,0.3894778738647465,0.27387522997156716,1.0,1.0,1.0,0.7466354285757195,289,279.0,5699.999999999999
2,3,4,5700.0,4.0,500.0,20363686,20368731,realistic_merfish_cellclass_native,400,289,213,1.2436923540516844,7.4728735892805505,264.9064714130088,144188,0.6588412350542348,0.556467944627847,0.10237329042638776,True,0.4723945636458395,0.3588543139197394,0.3904779329552154,0.27135976982737053,1.0,1.0,1.0,0.7022503588761395,289,499.0,5699.999999999999
2,4,0,5700.0,8.0,50.0,20363703,20364712,realistic_merfish_cellclass_native,400,236,213,1.2436923540516844,7.4728735892805505,264.9064714130088,11566,0.4253847484004842,0.2796126577900744,0.1457720906104098,True,0.24469161839048398,0.14969085729088463,0.38338850436352695,0.21639462313970234,0.9860028836007958,0.8918067799977122,0.9048906726451051,0.04938619073026621,236,49.0,5699.999999999999
2,4,1,5700.0,8.0,90.0,20363703,20365721,realistic_merfish_cellclass_native,400,236,213,1.2436923540516844,7.4728735892805505,264.9064714130088,21420,0.4261904761904762,0.27950513538748833,0.14668534080298784,True,0.2410973900984799,0.15208576412292948,0.38101049548450083,0.22510205404004408,1.0,1.0,1.0,0.1321347943827817,236,90.0,5699.999999999999
2,4,2,5700.0,8.0,160.0,20363703,20366730,realistic_merfish_cellclass_native,400,236,213,1.2436923540516844,7.4728735892805505,264.9064714130088,37482,0.42423029720932715,0.27989434928765805,0.1443359479216691,True,0.24130398060697456,0.1514356322003309,0.3873314489597331,0.22670519802897263,1.0,1.0,1.0,0.14745405984705612,236,158.0,5699.999999999999
2,4,3,5700.0,8.0,280.0,20363703,20367739,realistic_merfish_cellclass_native,400,236,213,1.2436923540516844,7.4728735892805505,264.9064714130088,66424,0.42450018065759365,0.2800644345417319,0.14443574611586174,True,0.2420462709234691,0.15198403130543328,0.39024773066157425,0.2236674264444491,1.0,1.0,1.0,0.20255936462533636,236,281.0,5699.999999999999
2,4,4,5700.0,8.0,500.0,20363703,20368748,realistic_merfish_cellclass_native,400,236,213,1.2436923540516844,7.4728735892805505,264.9064714130088,117984,0.4293039734201248,0.2795972335231896,0.14970673989693517,True,0.24520803979487366,0.15202300367527194,0.38747716572854324,0.22310461668784412,1.0,1.0,1.0,0.20563813475130605,236,502.0,5699.999999999999
3,0,0,9500.0,0.5,50.0,20364635,20365644,realistic_merfish_cellclass_native,400,345,213,0.9633599550095343,5.7884629919193635,205.1956704170308,17392,0.9312902483900644,0.906336246550138,0.024954001839926354,True,0.8720971983951016,0.8263313882902062,0.27866108786610877,0.20810313075506445,0.7537433564085355,0.8148527225047468,0.75408000857226,0.7434805847056396,345,51.0,9500.000000000002
3,0,1,9500.0,0.5,90.0,20364635,20366653,realistic_merfish_cellclass_native,400,345,213,0.9633599550095343,5.7884629919193635,205.1956704170308,31155,0.9294816241373777,0.9078799550633927,0.021601669073984975,True,0.868707745198224,0.8300541979482386,0.271279016841147,0.20418118466898955,0.7574564355744845,0.8854121171635433,0.7581636294259151,1.0,345,91.0,9500.000000000002
3,0,2,9500.0,0.5,160.0,20364635,20367662,realistic_merfish_cellclass_native,400,345,213,0.9633599550095343,5.7884629919193635,205.1956704170308,55353,0.9289650064133832,0.9071956352862537,0.02176937112712951,True,0.8678849110616722,0.828833237897296,0.2616988809766022,0.20109013042631887,1.0,1.0,1.0,1.0,345,161.0,9500.000000000002
3,0,3,9500.0,0.5,280.0,20364635,20368671,realistic_merfish_cellclass_native,400,345,213,0.9633599550095343,5.7884629919193635,205.1956704170308,96681,0.9304620349396469,0.9078412511248332,0.022620783814813694,True,0.8702082534513756,0.8296547740563658,0.26104417670682734,0.2,1.0,1.0,1.0,1.0,345,279.0,9500.000000000002
3,0,4,9500.0,0.5,500.0,20364635,20369680,realistic_merfish_cellclass_native,400,345,213,0.9633599550095343,5.7884629919193635,205.1956704170308,173092,0.9298638874124743,0.9078466942435237,0.022017193168950566,True,0.8690338055106553,0.829813473242287,0.2585667215815486,0.20117860949156793,1.0,1.0,1.0,1.0,345,500.0,9500.000000000002
3,1,0,9500.0,1.0,50.0,20364652,20365661,realistic_merfish_cellclass_native,400,331,213,0.9633599550095343,5.7884629919193635,205.1956704170308,16615,0.8770388203430635,0.8362925067709901,0.04074631357207337,True,0.7780514356987301,0.71066283872339,0.36465981399902103,0.26838235294117646,0.7088633487742299,0.843272566678572,0.6921481956143303,0.6595760343488076,331,50.0,9500.000000000002
3,1,1,9500.0,1.0,90.0,20364652,20366670,realistic_merfish_cellclass_native,400,331,213,0.9633599550095343,5.7884629919193635,205.1956704170308,29906,0.8785862368755434,0.8417374439911723,0.03684879288437104,True,0.7818584468638927,0.7209088011762961,0.36381162214266044,0.266004648214663,0.9895832194824516,1.0,0.9895832194824516,0.7144729383639181,331,90.0,9500.000000000002
3,1,2,9500.0,1.0,160.0,20364652,20367679,realistic_merfish_cellclass_native,400,331,213,0.9633599550095343,5.7884629919193635,205.1956704170308,53327,0.8748101337033772,0.8373619367299867,0.037448196973390524,True,0.7744225146811827,0.7124373175666852,0.3614439784301977,0.2643837195895307,1.0,1.0,1.0,1.0,331,161.0,9500.000000000002
3,1,3,9500.0,1.0,280.0,20364652,20368688,realistic_merfish_cellclass_native,400,331,213,0.9633599550095343,5.7884629919193635,205.1956704170308,92992,0.8756559704060565,0.8365773399862354,0.03907863041982107,True,0.7769057467068204,0.7125762034816704,0.36495719104038743,0.2746594722642627,1.0,1.0,1.0,1.0,331,281.0,9500.000000000002
3,1,4,9500.0,1.0,500.0,20364652,20369697,realistic_merfish_cellclass_native,400,331,213,0.9633599550095343,5.7884629919193635,205.1956704170308,164819,0.8759366335191938,0.8377735576602212,0.038163075858972606,True,0.7773889939287915,0.7143577121464977,0.36311619718309857,0.2668112798264642,1.0,1.0,1.0,1.0,331,499.0,9500.000000000002
3,2,0,9500.0,2.0,50.0,20364669,20365678,realistic_merfish_cellclass_native,400,316,213,0.9633599550095343,5.7884629919193635,205.1956704170308,15799,0.7692891955187037,0.690929805683904,0.07835938983479962,True,0.6130304256403789,0.510283030138127,0.36598079561042524,0.254761417161581,0.9896995916116325,0.9282713509774878,0.9383201145548173,0.5107022248883107,316,50.0,9500.000000000002
3,2,1,9500.0,2.0,90.0,20364669,20366687,realistic_merfish_cellclass_native,400,316,213,0.9633599550095343,5.7884629919193635,205.1956704170308,28469,0.7725245003336964,0.6884330324212301,0.08409146791246624,True,0.6174810687313708,0.5047085850269692,0.355775169857937,0.2439684329199549,0.9896995916116325,0.7202108944287826,0.7257650770933677,0.70566412100713,316,89.0,9500.000000000002
3,2,2,9500.0,2.0,160.0,20364669,20367696,realistic_merfish_cellclass_native,400,316,213,0.9633599550095343,5.7884629919193635,205.1956704170308,51044,0.7744103126714207,0.6925005877282344,0.08190972494318627,True,0.6202566576350925,0.5104213918290147,0.3495440729483283,0.2391692150866463,0.7234105880050468,0.7234105880050468,1.0,0.9413955976557475,316,161.0,9500.000000000002
3,2,3,9500.0,2.0,280.0,20364669,20368705,realistic_merfish_cellclass_native,400,316,213,0.9633599550095343,5.7884629919193635,205.1956704170308,88582,0.7735544467273261,0.6895983382628526,0.08395610846447354,True,0.619914645588848,0.5068380879144461,0.35829303554514186,0.24821792260692466,1.0,1.0,1.0,0.7415902893865621,316,280.0,9500.000000000002
3,2,4,9500.0,2.0,500.0,20364669,20369714,realistic_merfish_cellclass_native,400,316,213,0.9633599550095343,5.7884629919193635,205.1956704170308,157754,0.7736095439735284,0.691621131635331,0.08198841233819743,True,0.6195785929022383,0.5094331583819082,0.3554628437027496,0.24864331524420324,1.0,1.0,1.0,1.0,316,500.0,9500.000000000002
3,3,0,9500.0,4.0,50.0,20364686,20365695,realistic_merfish_cellclass_native,400,276,213,0.9633599550095343,5.7884629919193635,205.1956704170308,13930,0.5838478104809763,0.45470208183776023,0.1291457286432161,True,0.38783291158251104,0.27000123744402316,0.3745040538209419,0.2480252764612954,1.0,0.7056916504169716,0.7056916504169716,0.36082709301996907,276,51.0,9500.000000000002
3,3,1,9500.0,4.0,90.0,20364686,20366704,realistic_merfish_cellclass_native,400,276,213,0.9633599550095343,5.7884629919193635,205.1956704170308,24954,0.5849963933637894,0.45066923138574977,0.13432716197803962,True,0.38958267931213253,0.26732867367470453,0.3782348397064504,0.24190253866355413,1.0,1.0,1.0,0.5168819535561946,276,91.0,9500.000000000002
3,3,2,9500.0,4.0,160.0,20364686,20367713,realistic_merfish_cellclass_native,400,276,213,0.9633599550095343,5.7884629919193635,205.1956704170308,44155,0.5835579209602536,0.45675461442645227,0.12680330653380134,True,0.3885420926627218,0.27253390798227045,0.3856319338699152,0.24859298786842873,1.0,1.0,1.0,0.6224637338508399,276,160.0,9500.000000000002
3,3,3,9500.0,4.0,280.0,20364686,20368722,realistic_merfish_cellclass_native,400,276,213,0.9633599550095343,5.7884629919193635,205.1956704170308,77365,0.581270600400698,0.45352549602533443,0.12774510437536357,True,0.3846891171555868,0.26862599359556455,0.37721870659052326,0.24293959033066842,1.0,1.0,1.0,0.6359315343093116,276,280.0,9500.000000000002
3,3,4,9500.0,4.0,500.0,20364686,20369731,realistic_merfish_cellclass_native,400,276,213,0.9633599550095343,5.7884629919193635,205.1956704170308,137816,0.581398386254136,0.4534814535322459,0.1279169327218901,True,0.38456188884225234,0.2683243338612324,0.3751776737736176,0.24268776802665995,1.0,1.0,1.0,0.6826322738462138,276,498.5,9500.000000000002
3,4,0,9500.0,8.0,50.0,20364703,20365712,realistic_merfish_cellclass_native,400,207,213,0.9633599550095343,5.7884629919193635,205.1956704170308,10236,0.3311840562719812,0.19509574052364204,0.13608831574833918,True,0.17454120984309368,0.10542790392356625,0.4301782062518259,0.2580410243961646,0.7478004245720553,0.646249008507263,0.6398895310491127,0.05033491713336177,207,50.0,9500.000000000002
3,4,1,9500.0,8.0,90.0,20364703,20366721,realistic_merfish_cellclass_native,400,207,213,0.9633599550095343,5.7884629919193635,205.1956704170308,18621,0.33247408839482306,0.19853928360453252,0.13393480479029055,True,0.17601329056098416,0.10586387593101328,0.4300884955752212,0.2512061109622085,0.7564546525765984,0.7185365702170297,0.7551908555244429,0.0767720860874654,207,90.0,9500.000000000002
3,4,2,9500.0,8.0,160.0,20364703,20367730,realistic_merfish_cellclass_native,400,207,213,0.9633599550095343,5.7884629919193635,205.1956704170308,32919,0.3361280719341414,0.19645189708071326,0.13967617485342815,True,0.1786560498226159,0.1047800402935778,0.42930355998901804,0.2516255859670346,1.0,1.0,1.0,0.1647172859021958,207,160.0,9500.000000000002
3,4,3,9500.0,8.0,280.0,20364703,20368739,realistic_merfish_cellclass_native,400,207,213,0.9633599550095343,5.7884629919193635,205.1956704170308,58232,0.3337855474653112,0.19247149333699684,0.14131405412831435,True,0.17671042647808843,0.10326450899578607,0.4293852300554195,0.2503827832596121,1.0,0.7678678665086309,0.7678678665086309,0.09978861142764571,207,282.0,9500.000000000002
3,4,4,9500.0,8.0,500.0,20364703,20369748,realistic_merfish_cellclass_native,400,207,213,0.9633599550095343,5.7884629919193635,205.1956704170308,103599,0.334916360196527,0.19478952499541502,0.14012683520111197,True,0.17856392324078524,0.10390871035429083,0.42873936895881104,0.25105791246598497,1.0,1.0,1.0,0.16550549279617183,207,501.0,9500.000000000002
4,0,0,16000.0,0.5,50.0,20365635,20366644,realistic_merfish_cellclass_native,400,335,213,0.7423186995700422,4.460310290381928,158.11388300841898,16418,0.9161895480570106,0.8873187964429285,0.028870751614082035,True,0.8457865995219637,0.7957485966557306,0.34011627906976744,0.24432432432432433,0.7160112002363843,0.7887023870299539,0.6995264464256808,0.7568970456211893,335,49.0,16000.0
4,0,1,16000.0,0.5,90.0,20365635,20367653,realistic_merfish_cellclass_native,400,335,213,0.7423186995700422,4.460310290381928,158.11388300841898,30000,0.9136666666666666,0.8852333333333333,0.02843333333333331,True,0.8411050398700766,0.7915662708710518,0.311969111969112,0.22828928260238165,1.0,1.0,1.0,0.7296266950861784,335,89.0,16000.0
4,0,2,16000.0,0.5,160.0,20365635,20368662,realistic_merfish_cellclass_native,400,335,213,0.7423186995700422,4.460310290381928,158.11388300841898,53857,0.9150528250738066,0.8872569953766456,0.02779582969716099,True,0.8432795121055306,0.7950879421228343,0.3189071038251366,0.23600131752305664,1.0,1.0,1.0,1.0,335,162.0,16000.0
4,0,3,16000.0,0.5,280.0,20365635,20369671,realistic_merfish_cellclass_native,400,335,213,0.7423186995700422,4.460310290381928,158.11388300841898,93752,0.9163644508917143,0.888930369485451,0.027434081406263244,True,0.845534445893715,0.7984438778269378,0.3143731666879225,0.23605108998367424,1.0,1.0,1.0,1.0,335,279.0,16000.0
4,0,4,16000.0,0.5,500.0,20365635,20370680,realistic_merfish_cellclass_native,400,335,213,0.7423186995700422,4.460310290381928,158.11388300841898,167365,0.9160696680907,0.8881606070564335,0.02790906103426649,True,0.8446181229826336,0.79675681246286,0.3121662988538478,0.23084731274708836,1.0,1.0,1.0,1.0,335,500.0,16000.0
4,1,0,16000.0,1.0,50.0,20365652,20366661,realistic_merfish_cellclass_native,400,328,213,0.7423186995700422,4.460310290381928,158.11388300841898,16286,0.84397642146629,0.7949772811003316,0.04899914036595843,True,0.7258922887565629,0.6490619788014634,0.35104289649744197,0.25666367175801136,0.7266201851891603,0.6962559860055515,0.6591837697071479,0.6639196513760655,328,49.0,16000.0
4,1,1,16000.0,1.0,90.0,20365652,20367670,realistic_merfish_cellclass_native,400,328,213,0.7423186995700422,4.460310290381928,158.11388300841898,29735,0.8448965865142088,0.7991256095510342,0.04577097696317467,True,0.7268563410690684,0.6550431181975067,0.3677363399826539,0.26770467101958817,0.9793196790029892,0.7672814872651647,0.7632578771010785,0.9793196790029892,328,91.0,16000.0
4,1,2,16000.0,1.0,160.0,20365652,20368679,realistic_merfish_cellclass_native,400,328,213,0.7423186995700422,4.460310290381928,158.11388300841898,52588,0.8446413630486043,0.7931657412337415,0.05147562181486276,True,0.7258532488497819,0.6463995518863136,0.3640146878824969,0.26100946952284637,1.0,1.0,1.0,0.7453890006264358,328,160.0,16000.0
4,1,3,16000.0,1.0,280.0,20365652,20369688,realistic_merfish_cellclass_native,400,328,213,0.7423186995700422,4.460310290381928,158.11388300841898,91535,0.8439176271371607,0.7921450811165128,0.05177254602064785,True,0.724611801160505,0.6450540223864681,0.35374816266536013,0.25659623672868703,1.0,1.0,1.0,1.0,328,280.0,16000.0
4,1,4,16000.0,1.0,500.0,20365652,20370697,realistic_merfish_cellclass_native,400,328,213,0.7423186995700422,4.460310290381928,158.11388300841898,164631,0.8427635135545554,0.7923902545693096,0.050373258985245806,True,0.7231564036910575,0.6454860489501116,0.3594993432743568,0.2621200152140203,1.0,1.0,1.0,1.0,328,500.5,16000.0
4,2,0,16000.0,2.0,50.0,20365669,20366678,realistic_merfish_cellclass_native,400,300,213,0.7423186995700422,4.460310290381928,158.11388300841898,15132,0.7037404176579435,0.6116838487972509,0.09205656886069258,True,0.5283191585359902,0.418039608914787,0.38924827124693284,0.2799523485364193,0.8434456067499303,0.6116632402360673,0.6882464094979265,0.49293390648665125,300,50.0,16000.0
4,2,1,16000.0,2.0,90.0,20365669,20367687,realistic_merfish_cellclass_native,400,300,213,0.7423186995700422,4.460310290381928,158.11388300841898,26928,0.6980095068330362,0.6149361259655377,0.08307338086749849,True,0.517789131515138,0.4200609333300318,0.39067879980324643,0.28170508245732473,0.7709832729190637,0.8261334778049133,0.7782509655097637,0.6709400990890356,300,89.0,16000.0
4,2,2,16000.0,2.0,160.0,20365669,20368696,realistic_merfish_cellclass_native,400,300,213,0.7423186995700422,4.460310290381928,158.11388300841898,47876,0.7027320578160248,0.6138984042108782,0.08883365360514661,True,0.5263121228052691,0.41966420534906224,0.37991849353569423,0.2750879091154991,1.0,1.0,1.0,0.9764137891190853,300,159.0,16000.0
4,2,3,16000.0,2.0,280.0,20365669,20369705,realistic_merfish_cellclass_native,400,300,213,0.7423186995700422,4.460310290381928,158.11388300841898,83652,0.6980944866829245,0.6129201931812748,0.08517429350164973,True,0.5188023811049711,0.4181528298914747,0.3854682241140368,0.2802347127856702,1.0,1.0,1.0,0.988134833917938,300,279.0,16000.0
4,2,4,16000.0,2.0,500.0,20365669,20370714,realistic_merfish_cellclass_native,400,300,213,0.7423186995700422,4.460310290381928,158.11388300841898,149523,0.7007416919136187,0.6153635226687533,0.08537816924486541,True,0.5223342014400705,0.4206846756939837,0.38045858847718234,0.2758554736402838,1.0,1.0,1.0,0.988134833917938,300,497.0,16000.0
4,3,0,16000.0,4.0,50.0,20365686,20366695,realistic_merfish_cellclass_native,400,252,213,0.7423186995700422,4.460310290381928,158.11388300841898,12532,0.4935365464411108,0.3507022023619534,0.1428343440791574,True,0.3053738125396795,0.19515075816419974,0.3910508901843391,0.24259555118594076,0.7216213220028684,0.6543798194881788,0.911887199593968,0.1880600602913023,252,49.0,16000.0
4,3,1,16000.0,4.0,90.0,20365686,20367704,realistic_merfish_cellclass_native,400,252,213,0.7423186995700422,4.460310290381928,158.11388300841898,22628,0.4908520417182252,0.3566819869188616,0.13417005479936361,True,0.2978019320615707,0.19791651246218994,0.39336863119520876,0.24015937349728653,0.71232484030224,0.672779099881474,0.7665619765604529,0.23522581096384784,252,90.0,16000.0
4,3,2,16000.0,4.0,160.0,20365686,20368713,realistic_merfish_cellclass_native,400,252,213,0.7423186995700422,4.460310290381928,158.11388300841898,40301,0.49003746805290194,0.3471377881442148,0.14289967990868713,True,0.298220029279317,0.19233307697360494,0.3899377189567925,0.23628900459883698,0.7317162806807216,0.6740564634800604,0.71232484030224,0.2924072824524171,252,160.0,16000.0
4,3,3,16000.0,4.0,280.0,20365686,20369722,realistic_merfish_cellclass_native,400,252,213,0.7423186995700422,4.460310290381928,158.11388300841898,70505,0.4931423303311822,0.34939366002411176,0.14374867030707045,True,0.29995916381420307,0.19393366332924522,0.3915099619431386,0.23960672320202306,0.71232484030224,0.6591360924396019,0.7238235675822078,0.26318074526489615,252,279.0,16000.0
4,3,4,16000.0,4.0,500.0,20365686,20370731,realistic_merfish_cellclass_native,400,252,213,0.7423186995700422,4.460310290381928,158.11388300841898,125394,0.4909485302327065,0.34850949806210824,0.14243903217059828,True,0.2995260118667225,0.19324174966676605,0.39494297531018924,0.2419546350360496,0.7149887637809852,0.6771768204954023,0.7262410917304659,0.3160854871073896,252,498.0,16000.0
4,4,0,16000.0,8.0,50.0,20365703,20366712,realistic_merfish_cellclass_native,400,164,213,0.7423186995700422,4.460310290381928,158.11388300841898,8256,0.2688953488372093,0.12814922480620156,0.14074612403100772,True,0.1329122320274858,0.06699607359119111,0.43190854870775347,0.24645734926368434,0.9988274501928048,0.7113053314302978,0.7123678726183578,-0.005526307733851685,164,50.0,16000.0
4,4,1,16000.0,8.0,90.0,20365703,20367721,realistic_merfish_cellclass_native,400,164,213,0.7423186995700422,4.460310290381928,158.11388300841898,14672,0.251226826608506,0.126226826608506,0.12499999999999997,True,0.12356755752047476,0.06798978064177544,0.4168942290187511,0.24282371294851793,0.6906539303147619,0.6906539303147619,1.0,0.0029708789373282126,164,90.0,16000.0
4,4,2,16000.0,8.0,160.0,20365703,20368730,realistic_merfish_cellclass_native,400,164,213,0.7423186995700422,4.460310290381928,158.11388300841898,26388,0.2529179930271335,0.12778535698044566,0.12513263604668787,True,0.1256550156671855,0.06777249805401012,0.4295931825098914,0.24869655891553702,1.0,1.0,1.0,0.043022311013542584,164,161.0,16000.0
4,4,3,16000.0,8.0,280.0,20365703,20369739,realistic_merfish_cellclass_native,400,164,213,0.7423186995700422,4.460310290381928,158.11388300841898,46081,0.25887025021158394,0.12981489116989647,0.12905535904168747,True,0.12734928260756018,0.0686550702641872,0.42363551182946824,0.24422055412853189,1.0,1.0,1.0,0.09570587651242883,164,280.0,16000.0
4,4,4,16000.0,8.0,500.0,20365703,20370748,realistic_merfish_cellclass_native,400,164,213,0.7423186995700422,4.460310290381928,158.11388300841898,82107,0.25649457415323906,0.12805241940394851,0.12844215474929055,True,0.1261175127444649,0.06850298302745866,0.4237227054564516,0.2452474403922171,1.0,1.0,1.0,0.04033598912644468,164,500.0,16000.0
